{
	"ambient": {
		"x": 0.10000000149011612,
		"y": 0.10000000149011612,
		"z": 0.10000000149011612
	},
	"default_material": "null",
	"lights": [
		{
			"color": {
				"x": 1.0,
				"y": 1.0,
				"z": 1.0
			},
			"position": {
				"x": 0.0,
				"y": 1.0,
				"z": 3.0
			},
			"range": 100.0
		},
		{
			"color": {
				"x": 0.20000000298023224,
				"y": 0.800000011920929,
				"z": 0.10000000149011612
			},
			"position": {
				"x": 1.0,
				"y": 0.0,
				"z": 3.0
			},
			"range": 4.0
		},
		{
			"color": {
				"x": 1.0,
				"y": 0.20000000298023224,
				"z": 0.10000000149011612
			},
			"position": {
				"x": 0.0,
				"y": 1.0,
				"z": 3.0
			},
			"range": 4.0
		}
	],
	"main_camera": "80d541b7-cae7-db4d-9bf7-c24462ba5141",
	"objects": [
		{
			"children": [],
			"components": {
				"Gameplay::Camera": {
					"clear_color": {
						"w": -431602080.0,
						"x": -431602080.0,
						"y": -431602080.0,
						"z": -431602080.0
					},
					"enabled": true,
					"far_plane": 1000.0,
					"fov_radians": 1.5707963705062866,
					"guid": "80d541b7-cae7-db4d-9bf7-c24462ba5141",
					"near_plane": 0.10000000149011612,
					"ortho_enabled": false,
					"ortho_size": 10.0
				},
				"SimpleCameraControl": {
					"enabled": true,
					"guid": "4fb87e51-c97d-1c41-bfd0-3198962b0d39",
					"mouse_sensitivity": {
						"x": 0.5,
						"y": 0.30000001192092896
					},
					"move_speed": {
						"x": 1.0,
						"y": 1.0,
						"z": 1.0
					},
					"shift_mult": 2.0
				}
			},
			"guid": "bd0c92d0-5f05-f54d-8c5b-34dafcc979f8",
			"hide_in_inspector": false,
			"name": "Main Camera",
			"parent": "null",
			"position": {
				"x": 0.0,
				"y": 15.0,
				"z": 10.0
			},
			"rotation": {
				"w": 0.0,
				"x": -0.0,
				"y": -0.4718579649925232,
				"z": -0.881674587726593
			},
			"scale": {
				"x": 1.0,
				"y": 1.0,
				"z": 1.0
			}
		},
		{
			"children": [],
			"components": {
				"Gameplay::Physics::RigidBody": {
					"angular_damping": 0.004999999888241291,
					"colliders": [
						{
							"extents": {
								"x": 50.0,
								"y": 50.0,
								"z": 1.0
							},
							"guid": "d6c4698c-4156-084b-9a0f-f00a82fc77e7",
							"position": {
								"x": 0.0,
								"y": 0.0,
								"z": -1.0
							},
							"rotation": {
								"x": 0.0,
								"y": 0.0,
								"z": 0.0
							},
							"scale": {
								"x": 1.0,
								"y": 1.0,
								"z": 1.0
							},
							"type": "Box"
						}
					],
					"enabled": true,
					"group": 1,
					"guid": "9ad27a2c-5ec3-f94d-814e-db08a816485c",
					"linear_damping": 0.0,
					"mask": -1,
					"mass": 1.0,
					"type": "Static"
				},
				"RenderComponent": {
					"enabled": true,
					"guid": "e0e196cb-431e-294b-a2e5-222c23357493",
					"material": "f0dd63c0-8e75-3d47-8bbe-714a44d21652",
					"mesh": "7211f8cb-e382-8740-b9d3-e0a1e7e56a10"
				}
			},
			"guid": "d8236ef0-b0ac-6a4a-894d-d71488b0a508",
			"hide_in_inspector": false,
			"name": "Plane",
			"parent": "null",
			"position": {
				"x": 0.0,
				"y": 0.0,
				"z": 0.0
			},
			"rotation": {
				"w": 1.0,
				"x": 0.0,
				"y": 0.0,
				"z": 0.0
			},
			"scale": {
				"x": 1.0,
				"y": 1.0,
				"z": 1.0
			}
		},
		{
			"children": [],
			"components": {
				"CharacterMovement": {
					"enabled": true,
					"guid": "91743480-8190-594d-8906-97aa283df53b",
					"impulse": -431602080.0
				},
				"Gameplay::Physics::RigidBody": {
					"angular_damping": 0.004999999888241291,
					"colliders": [
						{
							"extents": {
								"x": 1.0,
								"y": 1.0,
								"z": 1.0
							},
							"guid": "8f2d0a0d-94c9-e547-ba14-9d25552b8a70",
							"position": {
								"x": 0.0,
								"y": 0.0,
								"z": 0.0
							},
							"rotation": {
								"x": 0.0,
								"y": 0.0,
								"z": 0.0
							},
							"scale": {
								"x": 1.0,
								"y": 1.0,
								"z": 1.0
							},
							"type": "Box"
						}
					],
					"enabled": true,
					"group": 1,
					"guid": "694eaed2-cafb-c542-8871-c7d8ca52f048",
					"linear_damping": 0.0,
					"mask": -1,
					"mass": 1.0,
					"type": "Dynamic"
				},
				"RenderComponent": {
					"enabled": true,
					"guid": "7c5d1f61-d486-3a4d-b503-d6fc43220adc",
					"material": "9ec0842a-db09-c14f-aaea-f1ad3561b2c2",
					"mesh": "cc008780-037e-1a4f-80c1-752c45d0b204"
				}
			},
			"guid": "76857033-e0ec-8d4c-a971-dfe32d6b7c77",
			"hide_in_inspector": false,
			"name": "Monkey 1",
			"parent": "null",
			"position": {
				"x": 0.0,
				"y": 10.0,
				"z": 1.0
			},
			"rotation": {
				"w": 0.7071067690849304,
				"x": 0.0,
				"y": 0.0,
				"z": 0.7071067690849304
			},
			"scale": {
				"x": 1.0,
				"y": 1.0,
				"z": 1.0
			}
		},
		{
			"children": [],
			"components": {
				"Gameplay::Physics::RigidBody": {
					"angular_damping": 0.004999999888241291,
					"colliders": [
						{
							"extents": {
								"x": 2.0,
								"y": 1.0,
								"z": 2.0
							},
							"guid": "20185fd9-ebb3-3e46-a1a6-d9adff4edd86",
							"position": {
								"x": 0.0,
								"y": 0.0,
								"z": 0.0
							},
							"rotation": {
								"x": 0.0,
								"y": 0.0,
								"z": 0.0
							},
							"scale": {
								"x": 1.0,
								"y": 1.0,
								"z": 1.0
							},
							"type": "Box"
						}
					],
					"enabled": true,
					"group": 1,
					"guid": "d1f9eea6-f49b-ad43-a8d5-f06e02598d45",
					"linear_damping": 0.0,
					"mask": -1,
					"mass": 1.0,
					"type": "Dynamic"
				},
				"RenderComponent": {
					"enabled": true,
					"guid": "68cf1545-868b-9544-b48b-7cbf230b9e18",
					"material": "cfbcca6e-a05b-8d40-9a86-19d253fec05f",
					"mesh": "dfa557ad-f024-d64a-9d5f-457433d9d510"
				}
			},
			"guid": "90c66b6c-1e5b-804e-9152-4a73dc78c090",
			"hide_in_inspector": false,
			"name": "Enemy 1",
			"parent": "null",
			"position": {
				"x": 0.0,
				"y": -10.0,
				"z": 1.0
			},
			"rotation": {
				"w": 0.7071067690849304,
				"x": -0.7071067690849304,
				"y": 0.0,
				"z": 0.0
			},
			"scale": {
				"x": 1.0,
				"y": 1.0,
				"z": 1.0
			}
		},
		{
			"children": [],
			"components": {
				"Gameplay::Physics::RigidBody": {
					"angular_damping": 0.004999999888241291,
					"colliders": [
						{
							"extents": {
								"x": 2.0,
								"y": 1.0,
								"z": 2.0
							},
							"guid": "ddba5727-75de-3147-8c8a-e55ded4e20bc",
							"position": {
								"x": 0.0,
								"y": 0.0,
								"z": 0.0
							},
							"rotation": {
								"x": 0.0,
								"y": 0.0,
								"z": 0.0
							},
							"scale": {
								"x": 1.0,
								"y": 1.0,
								"z": 1.0
							},
							"type": "Box"
						}
					],
					"enabled": true,
					"group": 1,
					"guid": "2c15da61-3f58-be4f-8e62-1c10ec053667",
					"linear_damping": 0.0,
					"mask": -1,
					"mass": 1.0,
					"type": "Dynamic"
				},
				"RenderComponent": {
					"enabled": true,
					"guid": "8b2bb8f4-4277-4e48-a458-dee01203bc4a",
					"material": "cfbcca6e-a05b-8d40-9a86-19d253fec05f",
					"mesh": "dfa557ad-f024-d64a-9d5f-457433d9d510"
				}
			},
			"guid": "d6e3dc56-77f8-274e-b547-8e3065287a0c",
			"hide_in_inspector": false,
			"name": "Enemy 2",
			"parent": "null",
			"position": {
				"x": 15.0,
				"y": -10.0,
				"z": 1.0
			},
			"rotation": {
				"w": 0.7071067690849304,
				"x": -0.7071067690849304,
				"y": 0.0,
				"z": 0.0
			},
			"scale": {
				"x": 1.0,
				"y": 1.0,
				"z": 1.0
			}
		},
		{
			"children": [],
			"components": {
				"Gameplay::Physics::RigidBody": {
					"angular_damping": 0.004999999888241291,
					"colliders": [
						{
							"extents": {
								"x": 2.0,
								"y": 1.0,
								"z": 2.0
							},
							"guid": "943c415a-27e1-2e48-9038-530f2295dde1",
							"position": {
								"x": 0.0,
								"y": 0.0,
								"z": 0.0
							},
							"rotation": {
								"x": 0.0,
								"y": 0.0,
								"z": 0.0
							},
							"scale": {
								"x": 1.0,
								"y": 1.0,
								"z": 1.0
							},
							"type": "Box"
						}
					],
					"enabled": true,
					"group": 1,
					"guid": "35ceea2e-7256-3344-9992-9ac0be2d54b3",
					"linear_damping": 0.0,
					"mask": -1,
					"mass": 1.0,
					"type": "Dynamic"
				},
				"RenderComponent": {
					"enabled": true,
					"guid": "4b75d9ad-65ec-a94b-9515-013e85abac78",
					"material": "cfbcca6e-a05b-8d40-9a86-19d253fec05f",
					"mesh": "dfa557ad-f024-d64a-9d5f-457433d9d510"
				}
			},
			"guid": "64b93e6c-111f-0045-a03d-2b86be9e71bb",
			"hide_in_inspector": false,
			"name": "Enemy 3",
			"parent": "null",
			"position": {
				"x": -15.0,
				"y": -10.0,
				"z": 1.0
			},
			"rotation": {
				"w": 0.7071067690849304,
				"x": -0.7071067690849304,
				"y": 0.0,
				"z": 0.0
			},
			"scale": {
				"x": 1.0,
				"y": 1.0,
				"z": 1.0
			}
		},
		{
			"children": [],
			"components": {
				"ParticleSystem": {
					"emitters": [
						{
							"color": {
								"w": 1.0,
								"x": 0.0,
								"y": 1.0,
								"z": 0.0
							},
							"cone_angle": 0.0,
							"lifetime_range": {
								"x": 2.0,
								"y": 4.0
							},
							"position": {
								"x": 0.0,
								"y": 0.0,
								"z": 0.0
							},
							"spawn_rate": 0.10000000149011612,
							"velocity": {
								"x": 0.0,
								"y": -1.0,
								"z": 10.0
							}
						}
					],
					"enabled": true,
					"gravity": {
						"x": 0.0,
						"y": 0.0,
						"z": -9.8100004196167
					},
					"guid": "2e02aedc-1e14-b443-9afb-b3693cec0a20",
					"max_particles": 1000
				}
			},
			"guid": "c837c2ce-e208-8447-9668-cd34bab5d84a",
			"hide_in_inspector": false,
			"name": "Particles",
			"parent": "null",
			"position": {
				"x": 0.0,
				"y": 0.0,
				"z": 0.0
			},
			"rotation": {
				"w": 1.0,
				"x": 0.0,
				"y": 0.0,
				"z": 0.0
			},
			"scale": {
				"x": 1.0,
				"y": 1.0,
				"z": 1.0
			}
		}
	],
	"skybox": {
		"mesh": "null",
		"orientation": {
			"w": 0.7071067690849304,
			"x": 0.7071067690849304,
			"y": 0.0,
			"z": 0.0
		},
		"shader": "eaad93e4-8891-9342-9520-b7b74f6dd14f",
		"texture": "052aabff-f253-d949-ac89-a79b7d4273ee"
	}
}